-- =============================================================================
-- SEEDER — BTP Construction Gabon SARL
-- Company ID : 0b51d328-196d-402e-963d-fa59c04e6960
--
-- Exécution (Supabase SQL Editor ou psql) :
--   psql $DIRECT_URL -f drizzle/seed.sql
-- =============================================================================

BEGIN;

-- ─────────────────────────────────────────────────────────────────────────────
-- 1. COMPANY — mise à jour
-- ─────────────────────────────────────────────────────────────────────────────
UPDATE companies SET
  name              = 'BTP Construction Gabon SARL',
  budget_threshold  = 0.90,
  skilled_rate      = 18000.00,
  unskilled_rate    = 9500.00
WHERE id = '0b51d328-196d-402e-963d-fa59c04e6960';

-- ─────────────────────────────────────────────────────────────────────────────
-- 2. MÉTIERS (trades)
-- ─────────────────────────────────────────────────────────────────────────────
INSERT INTO trades (id, name, daily_rate, company_id) VALUES
  ('a1000001-0000-0000-0000-000000000001', 'Maçon',               15000.00, '0b51d328-196d-402e-963d-fa59c04e6960'),
  ('a1000002-0000-0000-0000-000000000002', 'Charpentier',         18000.00, '0b51d328-196d-402e-963d-fa59c04e6960'),
  ('a1000003-0000-0000-0000-000000000003', 'Électricien',         22000.00, '0b51d328-196d-402e-963d-fa59c04e6960'),
  ('a1000004-0000-0000-0000-000000000004', 'Plombier',            20000.00, '0b51d328-196d-402e-963d-fa59c04e6960'),
  ('a1000005-0000-0000-0000-000000000005', 'Carreleur',           16000.00, '0b51d328-196d-402e-963d-fa59c04e6960'),
  ('a1000006-0000-0000-0000-000000000006', 'Ferrailleur',         14000.00, '0b51d328-196d-402e-963d-fa59c04e6960'),
  ('a1000007-0000-0000-0000-000000000007', 'Chef de chantier',    35000.00, '0b51d328-196d-402e-963d-fa59c04e6960'),
  ('a1000008-0000-0000-0000-000000000008', 'Manœuvre',             9500.00, '0b51d328-196d-402e-963d-fa59c04e6960'),
  ('a1000009-0000-0000-0000-000000000009', 'Peintre',             12000.00, '0b51d328-196d-402e-963d-fa59c04e6960'),
  ('a1000010-0000-0000-0000-000000000010', 'Conducteur d''engins', 28000.00, '0b51d328-196d-402e-963d-fa59c04e6960')
ON CONFLICT (id) DO NOTHING;

-- ─────────────────────────────────────────────────────────────────────────────
-- 3. MATÉRIAUX (materials)
-- ─────────────────────────────────────────────────────────────────────────────
INSERT INTO materials (id, name, unit, unit_price, company_id) VALUES
  ('b1000001-0000-0000-0000-000000000001', 'Ciment Portland 42.5',    'sac 50kg',  15000.00, '0b51d328-196d-402e-963d-fa59c04e6960'),
  ('b1000002-0000-0000-0000-000000000002', 'Sable de rivière',         'm³',        25000.00, '0b51d328-196d-402e-963d-fa59c04e6960'),
  ('b1000003-0000-0000-0000-000000000003', 'Gravier 10/20',            'm³',        30000.00, '0b51d328-196d-402e-963d-fa59c04e6960'),
  ('b1000004-0000-0000-0000-000000000004', 'Brique creuse 20x20x40',   'unité',       450.00, '0b51d328-196d-402e-963d-fa59c04e6960'),
  ('b1000005-0000-0000-0000-000000000005', 'Fer à béton ø12mm',       'barre 6m',   8500.00, '0b51d328-196d-402e-963d-fa59c04e6960'),
  ('b1000006-0000-0000-0000-000000000006', 'Fer à béton ø8mm',        'barre 6m',   5500.00, '0b51d328-196d-402e-963d-fa59c04e6960'),
  ('b1000007-0000-0000-0000-000000000007', 'Tôle galvanisée',          'feuille',   13500.00, '0b51d328-196d-402e-963d-fa59c04e6960'),
  ('b1000008-0000-0000-0000-000000000008', 'Peinture intérieure',      'litre',      5500.00, '0b51d328-196d-402e-963d-fa59c04e6960'),
  ('b1000009-0000-0000-0000-000000000009', 'Carrelage 40x40 grès',    'm²',        18000.00, '0b51d328-196d-402e-963d-fa59c04e6960'),
  ('b1000010-0000-0000-0000-000000000010', 'Tuyau PVC 100mm',          'ml',         4500.00, '0b51d328-196d-402e-963d-fa59c04e6960'),
  ('b1000011-0000-0000-0000-000000000011', 'Câble électrique 2.5mm²',  'ml',         1800.00, '0b51d328-196d-402e-963d-fa59c04e6960'),
  ('b1000012-0000-0000-0000-000000000012', 'Porte métallique 90cm',    'unité',     95000.00, '0b51d328-196d-402e-963d-fa59c04e6960')
ON CONFLICT (id) DO NOTHING;

-- ─────────────────────────────────────────────────────────────────────────────
-- 4. CHANTIERS (projects)
-- ─────────────────────────────────────────────────────────────────────────────
INSERT INTO projects (id, name, status, company_id, initial_budget, adjustment, start_date, end_date) VALUES
  (
    'c1000001-0000-0000-0000-000000000001',
    'Construction Villa R+1 – Owendo',
    'en cours',
    '0b51d328-196d-402e-963d-fa59c04e6960',
    85000000.00,
    3500000.00,
    '2025-09-01',
    '2026-06-30'
  ),
  (
    'c1000002-0000-0000-0000-000000000002',
    'Réhabilitation Bureau Administratif – Libreville Centre',
    'terminé',
    '0b51d328-196d-402e-963d-fa59c04e6960',
    35000000.00,
    -1500000.00,
    '2025-04-01',
    '2025-10-31'
  ),
  (
    'c1000003-0000-0000-0000-000000000003',
    'Construction Entrepôt Industriel – Zone Franche de Nkok',
    'en cours',
    '0b51d328-196d-402e-963d-fa59c04e6960',
    120000000.00,
    8000000.00,
    '2025-11-01',
    '2026-12-31'
  ),
  (
    'c1000004-0000-0000-0000-000000000004',
    'Extension École Primaire André-Grenard-Matsoua – Franceville',
    'planifié',
    '0b51d328-196d-402e-963d-fa59c04e6960',
    45000000.00,
    0.00,
    '2026-06-01',
    '2026-12-31'
  ),
  (
    'c1000005-0000-0000-0000-000000000005',
    'Construction Station-Service – Moanda Centre',
    'en pause',
    '0b51d328-196d-402e-963d-fa59c04e6960',
    60000000.00,
    5000000.00,
    '2025-07-01',
    '2026-03-31'
  )
ON CONFLICT (id) DO NOTHING;

-- ─────────────────────────────────────────────────────────────────────────────
-- 5. POSTES BUDGÉTAIRES (budget_items)
-- ─────────────────────────────────────────────────────────────────────────────

-- Villa Owendo  (budget ajusté : 88 500 000 FCFA)
INSERT INTO budget_items (label, amount, project_id) VALUES
  ('Fondations et infrastructure',     18000000.00, 'c1000001-0000-0000-0000-000000000001'),
  ('Gros œuvre – RDC et R+1',         28000000.00, 'c1000001-0000-0000-0000-000000000001'),
  ('Charpente et couverture',          12000000.00, 'c1000001-0000-0000-0000-000000000001'),
  ('Électricité et plomberie',         10000000.00, 'c1000001-0000-0000-0000-000000000001'),
  ('Carrelage et revêtements',          8500000.00, 'c1000001-0000-0000-0000-000000000001'),
  ('Menuiserie et finitions',           8500000.00, 'c1000001-0000-0000-0000-000000000001');

-- Bureau Libreville  (budget ajusté : 33 500 000 FCFA)
INSERT INTO budget_items (label, amount, project_id) VALUES
  ('Démolition et déblaiement',         3500000.00, 'c1000002-0000-0000-0000-000000000002'),
  ('Rénovation structure et maçonnerie',12000000.00, 'c1000002-0000-0000-0000-000000000002'),
  ('Mise aux normes électriques',        5000000.00, 'c1000002-0000-0000-0000-000000000002'),
  ('Plomberie et sanitaires',            4000000.00, 'c1000002-0000-0000-0000-000000000002'),
  ('Peinture et finitions intérieures',  7500000.00, 'c1000002-0000-0000-0000-000000000002'),
  ('Mobilier et menuiserie intérieure',  3000000.00, 'c1000002-0000-0000-0000-000000000002');

-- Entrepôt Nkok  (budget ajusté : 128 000 000 FCFA)
INSERT INTO budget_items (label, amount, project_id) VALUES
  ('Terrassement et VRD',              15000000.00, 'c1000003-0000-0000-0000-000000000003'),
  ('Fondations profondes',             20000000.00, 'c1000003-0000-0000-0000-000000000003'),
  ('Structure métallique principale',  45000000.00, 'c1000003-0000-0000-0000-000000000003'),
  ('Couverture et bardage',            18000000.00, 'c1000003-0000-0000-0000-000000000003'),
  ('Électricité industrielle',         12000000.00, 'c1000003-0000-0000-0000-000000000003'),
  ('Voirie intérieure et clôture',     10000000.00, 'c1000003-0000-0000-0000-000000000003');

-- École Franceville  (budget : 45 000 000 FCFA)
INSERT INTO budget_items (label, amount, project_id) VALUES
  ('Terrassement et fondations',        8000000.00, 'c1000004-0000-0000-0000-000000000004'),
  ('Gros œuvre – 6 salles de classe',  18000000.00, 'c1000004-0000-0000-0000-000000000004'),
  ('Toiture et charpente',              7000000.00, 'c1000004-0000-0000-0000-000000000004'),
  ('Menuiserie bois et métallique',     5000000.00, 'c1000004-0000-0000-0000-000000000004'),
  ('Électricité et eau',                4000000.00, 'c1000004-0000-0000-0000-000000000004'),
  ('Peinture et finitions',             3000000.00, 'c1000004-0000-0000-0000-000000000004');

-- Station-Service Moanda  (budget ajusté : 65 000 000 FCFA)
INSERT INTO budget_items (label, amount, project_id) VALUES
  ('Terrassement et géotechnique',      5000000.00, 'c1000005-0000-0000-0000-000000000005'),
  ('Génie civil – dalle et structure', 22000000.00, 'c1000005-0000-0000-0000-000000000005'),
  ('Équipements techniques (cuves, îlots)', 18000000.00, 'c1000005-0000-0000-0000-000000000005'),
  ('Électricité et éclairage',          8000000.00, 'c1000005-0000-0000-0000-000000000005'),
  ('Finitions et signalétique',         7000000.00, 'c1000005-0000-0000-0000-000000000005');

-- ─────────────────────────────────────────────────────────────────────────────
-- 6. MAIN-D'ŒUVRE (labor_entries)
--    cost = days_worked × daily_rate  (persisté en base)
-- ─────────────────────────────────────────────────────────────────────────────

-- ── Villa Owendo ──────────────────────────────────────────────────────────────
INSERT INTO labor_entries (worker_id, trade_id, days_worked, cost, project_id, date) VALUES
  ('NZIGOU Jean-Baptiste',  'a1000007-0000-0000-0000-000000000007', 120.00,  4200000.00, 'c1000001-0000-0000-0000-000000000001', '2025-09-15'),
  ('OBIANG Martin',         'a1000001-0000-0000-0000-000000000001',  95.00,  1425000.00, 'c1000001-0000-0000-0000-000000000001', '2025-10-01'),
  ('BEKALE Serge',          'a1000001-0000-0000-0000-000000000001',  90.00,  1350000.00, 'c1000001-0000-0000-0000-000000000001', '2025-10-01'),
  ('MOUELE Patrick',        'a1000006-0000-0000-0000-000000000006',  60.00,   840000.00, 'c1000001-0000-0000-0000-000000000001', '2025-11-01'),
  ('ASSOUMOU Célestin',    'a1000006-0000-0000-0000-000000000006',  55.00,   770000.00, 'c1000001-0000-0000-0000-000000000001', '2025-11-10'),
  ('KOUMBA Edgard',         'a1000008-0000-0000-0000-000000000008', 110.00,  1045000.00, 'c1000001-0000-0000-0000-000000000001', '2025-09-15'),
  ('MINTSA François',       'a1000008-0000-0000-0000-000000000008', 100.00,   950000.00, 'c1000001-0000-0000-0000-000000000001', '2025-09-20'),
  ('NKOGHE Paul',           'a1000002-0000-0000-0000-000000000002',  40.00,   720000.00, 'c1000001-0000-0000-0000-000000000001', '2026-02-01'),
  ('ONDO Romaric',          'a1000003-0000-0000-0000-000000000003',  30.00,   660000.00, 'c1000001-0000-0000-0000-000000000001', '2026-03-01'),
  ('MEZUI Gabriel',         'a1000004-0000-0000-0000-000000000004',  25.00,   500000.00, 'c1000001-0000-0000-0000-000000000001', '2026-03-10');

-- ── Bureau Libreville ─────────────────────────────────────────────────────────
INSERT INTO labor_entries (worker_id, trade_id, days_worked, cost, project_id, date) VALUES
  ('BOUSSOUGOU Léon',       'a1000007-0000-0000-0000-000000000007', 140.00,  4900000.00, 'c1000002-0000-0000-0000-000000000002', '2025-04-05'),
  ('MAGANGA Thierry',       'a1000001-0000-0000-0000-000000000001', 110.00,  1650000.00, 'c1000002-0000-0000-0000-000000000002', '2025-04-10'),
  ('NGOUA Sylvestre',       'a1000003-0000-0000-0000-000000000003',  65.00,  1430000.00, 'c1000002-0000-0000-0000-000000000002', '2025-07-01'),
  ('BOUASSA Christophe',    'a1000004-0000-0000-0000-000000000004',  50.00,  1000000.00, 'c1000002-0000-0000-0000-000000000002', '2025-07-15'),
  ('MOUNDOUNGA Yvon',       'a1000009-0000-0000-0000-000000000009',  80.00,   960000.00, 'c1000002-0000-0000-0000-000000000002', '2025-09-01'),
  ('LEKOGO Fiacre',         'a1000009-0000-0000-0000-000000000009',  75.00,   900000.00, 'c1000002-0000-0000-0000-000000000002', '2025-09-01'),
  ('MABIKA Junior',         'a1000005-0000-0000-0000-000000000005',  45.00,   720000.00, 'c1000002-0000-0000-0000-000000000002', '2025-09-15'),
  ('KOUMBA Edgard',         'a1000008-0000-0000-0000-000000000008', 130.00,  1235000.00, 'c1000002-0000-0000-0000-000000000002', '2025-04-10');

-- ── Entrepôt Nkok ─────────────────────────────────────────────────────────────
INSERT INTO labor_entries (worker_id, trade_id, days_worked, cost, project_id, date) VALUES
  ('NZIGOU Jean-Baptiste',  'a1000007-0000-0000-0000-000000000007', 100.00,  3500000.00, 'c1000003-0000-0000-0000-000000000003', '2025-11-05'),
  ('AKAGHA Bertrand',       'a1000010-0000-0000-0000-000000000010',  45.00,  1260000.00, 'c1000003-0000-0000-0000-000000000003', '2025-11-10'),
  ('MBOULA Stève',          'a1000010-0000-0000-0000-000000000010',  40.00,  1120000.00, 'c1000003-0000-0000-0000-000000000003', '2025-11-10'),
  ('MOUSSAVOU Eric',        'a1000006-0000-0000-0000-000000000006',  70.00,   980000.00, 'c1000003-0000-0000-0000-000000000003', '2025-12-01'),
  ('NKOMA Richard',         'a1000006-0000-0000-0000-000000000006',  65.00,   910000.00, 'c1000003-0000-0000-0000-000000000003', '2025-12-01'),
  ('OVONO Désiré',          'a1000001-0000-0000-0000-000000000001',  80.00,  1200000.00, 'c1000003-0000-0000-0000-000000000003', '2025-12-15'),
  ('BOUNDZANGA Lambert',    'a1000001-0000-0000-0000-000000000001',  80.00,  1200000.00, 'c1000003-0000-0000-0000-000000000003', '2025-12-15'),
  ('MANDZA Honoré',         'a1000008-0000-0000-0000-000000000008',  95.00,   902500.00, 'c1000003-0000-0000-0000-000000000003', '2025-11-10'),
  ('NKANGA Brice',          'a1000008-0000-0000-0000-000000000008',  90.00,   855000.00, 'c1000003-0000-0000-0000-000000000003', '2025-11-15');

-- ── Station-Service Moanda ────────────────────────────────────────────────────
INSERT INTO labor_entries (worker_id, trade_id, days_worked, cost, project_id, date) VALUES
  ('BIGNOUMBA Cédric',      'a1000007-0000-0000-0000-000000000007',  55.00,  1925000.00, 'c1000005-0000-0000-0000-000000000005', '2025-07-10'),
  ('LIBONDA Achille',       'a1000010-0000-0000-0000-000000000010',  30.00,   840000.00, 'c1000005-0000-0000-0000-000000000005', '2025-07-15'),
  ('MOUENDOU Fernand',      'a1000001-0000-0000-0000-000000000001',  48.00,   720000.00, 'c1000005-0000-0000-0000-000000000005', '2025-08-01'),
  ('NDONG Alphonse',        'a1000006-0000-0000-0000-000000000006',  35.00,   490000.00, 'c1000005-0000-0000-0000-000000000005', '2025-08-10'),
  ('MOUBAMBA Thierry',      'a1000008-0000-0000-0000-000000000008',  52.00,   494000.00, 'c1000005-0000-0000-0000-000000000005', '2025-07-10');

-- ─────────────────────────────────────────────────────────────────────────────
-- 7. CONSOMMATION MATÉRIAUX (material_entries)
--    cost = quantity × unit_price  (persisté en base)
-- ─────────────────────────────────────────────────────────────────────────────

-- ── Villa Owendo ──────────────────────────────────────────────────────────────
INSERT INTO material_entries (material_id, project_id, quantity, unit_price, cost, date) VALUES
  ('b1000001-0000-0000-0000-000000000001', 'c1000001-0000-0000-0000-000000000001', 320.00, 15000.00,  4800000.00, '2025-09-20'),
  ('b1000002-0000-0000-0000-000000000002', 'c1000001-0000-0000-0000-000000000001',  85.00, 25000.00,  2125000.00, '2025-09-20'),
  ('b1000003-0000-0000-0000-000000000003', 'c1000001-0000-0000-0000-000000000001',  70.00, 30000.00,  2100000.00, '2025-10-05'),
  ('b1000004-0000-0000-0000-000000000004', 'c1000001-0000-0000-0000-000000000001', 8500.00,  450.00,  3825000.00, '2025-10-15'),
  ('b1000005-0000-0000-0000-000000000005', 'c1000001-0000-0000-0000-000000000001', 180.00,  8500.00,  1530000.00, '2025-10-20'),
  ('b1000006-0000-0000-0000-000000000006', 'c1000001-0000-0000-0000-000000000001', 120.00,  5500.00,   660000.00, '2025-10-25'),
  ('b1000007-0000-0000-0000-000000000007', 'c1000001-0000-0000-0000-000000000001',  85.00, 13500.00,  1147500.00, '2026-02-10'),
  ('b1000009-0000-0000-0000-000000000009', 'c1000001-0000-0000-0000-000000000001', 220.00, 18000.00,  3960000.00, '2026-03-05'),
  ('b1000011-0000-0000-0000-000000000011', 'c1000001-0000-0000-0000-000000000001', 350.00,  1800.00,   630000.00, '2026-03-10'),
  ('b1000010-0000-0000-0000-000000000010', 'c1000001-0000-0000-0000-000000000001', 120.00,  4500.00,   540000.00, '2026-03-15'),
  ('b1000012-0000-0000-0000-000000000012', 'c1000001-0000-0000-0000-000000000001',   8.00, 95000.00,   760000.00, '2026-04-01');

-- ── Bureau Libreville ─────────────────────────────────────────────────────────
INSERT INTO material_entries (material_id, project_id, quantity, unit_price, cost, date) VALUES
  ('b1000001-0000-0000-0000-000000000001', 'c1000002-0000-0000-0000-000000000002', 150.00, 15000.00,  2250000.00, '2025-04-15'),
  ('b1000002-0000-0000-0000-000000000002', 'c1000002-0000-0000-0000-000000000002',  30.00, 25000.00,   750000.00, '2025-05-01'),
  ('b1000008-0000-0000-0000-000000000008', 'c1000002-0000-0000-0000-000000000002', 380.00,  5500.00,  2090000.00, '2025-09-10'),
  ('b1000009-0000-0000-0000-000000000009', 'c1000002-0000-0000-0000-000000000002', 180.00, 18000.00,  3240000.00, '2025-09-20'),
  ('b1000011-0000-0000-0000-000000000011', 'c1000002-0000-0000-0000-000000000002', 280.00,  1800.00,   504000.00, '2025-07-10'),
  ('b1000010-0000-0000-0000-000000000010', 'c1000002-0000-0000-0000-000000000002',  60.00,  4500.00,   270000.00, '2025-07-20'),
  ('b1000012-0000-0000-0000-000000000012', 'c1000002-0000-0000-0000-000000000002',   5.00, 95000.00,   475000.00, '2025-10-15');

-- ── Entrepôt Nkok ─────────────────────────────────────────────────────────────
INSERT INTO material_entries (material_id, project_id, quantity, unit_price, cost, date) VALUES
  ('b1000001-0000-0000-0000-000000000001', 'c1000003-0000-0000-0000-000000000003', 680.00, 15000.00, 10200000.00, '2025-11-15'),
  ('b1000002-0000-0000-0000-000000000002', 'c1000003-0000-0000-0000-000000000003', 200.00, 25000.00,  5000000.00, '2025-11-15'),
  ('b1000003-0000-0000-0000-000000000003', 'c1000003-0000-0000-0000-000000000003', 180.00, 30000.00,  5400000.00, '2025-11-20'),
  ('b1000005-0000-0000-0000-000000000005', 'c1000003-0000-0000-0000-000000000003', 450.00,  8500.00,  3825000.00, '2025-12-05'),
  ('b1000006-0000-0000-0000-000000000006', 'c1000003-0000-0000-0000-000000000003', 280.00,  5500.00,  1540000.00, '2025-12-10'),
  ('b1000007-0000-0000-0000-000000000007', 'c1000003-0000-0000-0000-000000000003', 320.00, 13500.00,  4320000.00, '2026-02-15'),
  ('b1000011-0000-0000-0000-000000000011', 'c1000003-0000-0000-0000-000000000003', 800.00,  1800.00,  1440000.00, '2026-03-01');

-- ── Station-Service Moanda ────────────────────────────────────────────────────
INSERT INTO material_entries (material_id, project_id, quantity, unit_price, cost, date) VALUES
  ('b1000001-0000-0000-0000-000000000001', 'c1000005-0000-0000-0000-000000000005', 250.00, 15000.00,  3750000.00, '2025-07-20'),
  ('b1000002-0000-0000-0000-000000000002', 'c1000005-0000-0000-0000-000000000005',  60.00, 25000.00,  1500000.00, '2025-07-25'),
  ('b1000003-0000-0000-0000-000000000003', 'c1000005-0000-0000-0000-000000000005',  55.00, 30000.00,  1650000.00, '2025-08-01'),
  ('b1000005-0000-0000-0000-000000000005', 'c1000005-0000-0000-0000-000000000005', 120.00,  8500.00,  1020000.00, '2025-08-15'),
  ('b1000006-0000-0000-0000-000000000006', 'c1000005-0000-0000-0000-000000000005',  80.00,  5500.00,   440000.00, '2025-08-15');

COMMIT;

-- =============================================================================
-- RÉSUMÉ
-- =============================================================================
-- Company  : BTP Construction Gabon SARL (mise à jour)
-- Métiers  : 10  (Maçon, Charpentier, Électricien, Plombier, Carreleur,
--                  Ferrailleur, Chef de chantier, Manœuvre, Peintre, Conducteur)
-- Matériaux: 12  (Ciment, Sable, Gravier, Brique, Fer ø12, Fer ø8,
--                  Tôle, Peinture, Carrelage, Tuyau PVC, Câble, Porte)
-- Chantiers: 5   (2 en cours · 1 terminé · 1 planifié · 1 en pause)
-- Budgets  : 29 postes  (6 + 6 + 6 + 6 + 5)
-- MO       : 33 entrées (10 + 8 + 9 + 0 + 5)
-- Matériaux: 30 entrées (11 + 7 + 7 + 0 + 5)
-- =============================================================================
